<?xml version="1.0" encoding="UTF-8"?>
<project-private xmlns="http://www.netbeans.org/ns/project-private/1">
    <editor-bookmarks xmlns="http://www.netbeans.org/ns/editor-bookmarks/2" lastBookmarkId="0"/>
    <open-files xmlns="http://www.netbeans.org/ns/projectui-open-files/2">
        <group>
            <file>file:/C:/Users/ruben/Documents/GitHub/AD-FIB/Practica4/web/registrarImagen.jsp</file>
            <file>file:/C:/Users/ruben/Documents/GitHub/AD-FIB/Practica4/src/java/practica4/GenericResource.java</file>
        </group>
    </open-files>
</project-private>
